tier,summonerId,summonerName,leaguePoints,wins,losses,veteran,inactive,freshBlood,hotStreak
CHALLENGER,y12OKoC8VM7cVw-PiaKnYAPpz3ylGybfAraH_AiYgic50fI,T1 Crescent,945,1063,1031,True,False,False,False
CHALLENGER,RQtitOnJHa4_NGTSbw_FZm6oxurzCsdhdgs0fJXhkaKHPy0,해피 어네삐,684,363,359,False,False,True,True
CHALLENGER,BS5GHaGbuLov3BOWK4sBGniENf6Y24vTefNAiOUWnVZHrSY,gbzj,817,1045,1052,True,False,False,False
CHALLENGER,ZkSpL5IiWznLJZiwN1ouaaa0NWnf1i2ww4-WuDY6GoTE9RI,I still remember,924,1202,1066,False,False,False,False
CHALLENGER,sAg4Myal8Hin6AaT6_0y6hlAaAI9veA9rQIakGxVBNW-wKs,FPXzhaoZD4506303,772,657,557,False,False,False,True
CHALLENGER,lETIWybac5ukgYcEny_kjCE0DKdF4kvorx_jQnvZPv9FphM,Thal YouTube KR,735,592,591,True,False,False,False
CHALLENGER,pPrggWlyYrnT47WLmULBOQ-vIHMVnmz3BJ72w7E4qtYfwTc,Lv 1 너구리,682,214,164,False,False,False,False
CHALLENGER,LvrsQW971ttrxus11aFcvfu-PW_tRgh6rLnM6a21HGBxaPg,KonoDioDaa,659,1240,1120,False,False,False,False
CHALLENGER,XQh1LfN1a9AqYydsFyi2iMJHRW67EmgLvSGdC5W8bK3yXNY,DYN Kuzan1,1032,481,426,True,False,False,False
CHALLENGER,87MlJYHMENCTK89498lkP9CFIv7ulw4NrVac5CMJH1edBVQ,못할 때도 있지,792,457,353,False,False,False,True
CHALLENGER,ZLXPl0zarIFiqjuVw5Rfg_5x2GFV7m2gwNcF9G9vLVK_Zwg,Awe Dive,846,582,530,True,False,False,False
CHALLENGER,mqHa5hbnZu24rrlaDHtcvdIV0SuvpOWkH7ZbX2jPFVpDYbQ,L1sure,642,316,275,False,False,True,True
CHALLENGER,l-Z7HMc0js12pkYp9-Iehs4LhbZ476pVZdqQIwFbSnSBvEI,Light1500,1003,321,249,False,False,False,False
CHALLENGER,J1JsD4FElZPaK8EEnyK4tMu_f8ug0upevjAYuFSPHVhkRTI,FPXzhaoJG4506303,646,623,520,False,False,True,True
CHALLENGER,egtLbDdR6sXG-GeOlmzOMS9kr8aA0aWF9mhDLcH24BlwsB2y,황포강을 뛰다,800,202,92,False,False,False,False
CHALLENGER,hGu-tzY73liL1p4_mFYLd4RBpK8ch09Thws_8R-PgC-BLDM,무우오렌지형,1101,673,619,True,False,False,False
CHALLENGER,gcITCR9jpuPZggAQlwk1mNB3IkamH1fZq8KU49yeE9BWLA,Axiyo,842,193,186,True,False,False,False
CHALLENGER,PrQY-_P0xzT03RduFn_yqU6To6J0eP9O_aGRD6cvJXNam4w,IIrrooGG,981,477,416,True,False,False,True
CHALLENGER,dHVRRJvGSULO0_djZGVCCCZTikC38Un2TG6wM4u1b0SY-MQ,짜요짜요응원단장,660,279,229,False,False,True,True
CHALLENGER,1Rnxou3xITYA6uxd56iVCUy4CAYB39DSvsZ2r_7bdBB-zlI,T1 Roamer,1054,1127,1063,True,False,False,False
CHALLENGER,IBHc-A7HB3Mxtoc0F4s-9l3FpIOKNfXJL6QbX-o27nmPpDA,qiaqia,684,570,526,False,False,True,False
CHALLENGER,pjM2kNCdFnWhCcR70VGUXsrilmy7a0M13VOnK0a2Zp8Enkw,tnedifnoc syawla,715,150,97,False,False,True,False
CHALLENGER,18z1MdmiXJt6jrrrxAo5dt9_KBrwtYPMmwe44fdpnvEGfao,elole,884,368,245,False,False,False,False
CHALLENGER,Xzx0rfspBzx_wRSMlPqiXUgIjeelzoDwX_69FKy6bOiarrs,캐 인,775,311,300,False,False,False,True
CHALLENGER,v1RkMIhK4UK-hzwVEiZXJj8Nd4gvUVArFnSOYoWfBO4hWZo,SANDBOX Serenity,817,326,288,True,False,False,False
CHALLENGER,LIUCTaKSNqZUUzQTuln8DGLyptOoAylrryIy4G30bB1-lLU,knightzz,865,563,455,False,False,False,False
CHALLENGER,TjtuA21prKIBpxxyuHfhJ4PLeKw6bgzoKemCOeAG6Aks_VA,쟤승샷,734,319,279,False,False,False,False
CHALLENGER,3Cp9kLn-MaL2xHKYUGqv3-QEnfo1ftV98kdzfXguopJM8fg,Active every day,760,1001,936,False,False,True,False
CHALLENGER,kd8aPVYo21ylRDKNV9BAwHskJnX5ygXSsnJwX9Va3rI1LZ4,PING35LIHAI,1159,284,206,True,False,False,False
CHALLENGER,qNi5Ec3Tc71JF7SwBn8RRTawPM_jr6SihHMuDjicYywzLIw,Gen G Ruler,646,360,324,False,False,False,False
CHALLENGER,1kQTG6lraKOi2di0Dyi0j9YpHYC0urnElQNBW_JWs_04zqs,쌍둥이그림자모험,718,338,296,False,False,True,False
CHALLENGER,ydRcAsK8ltYAfVJ9MqviDTNheEweP_YVK36MtVSzes2T4TY,Mlnit,742,450,401,False,False,True,False
CHALLENGER,414WVfVpxrGuLMam6vAJS7-wUzR-3Ha8z29btal3fEd6fB8,BLG ADD,622,145,108,False,False,False,False
CHALLENGER,2amw99EBtKMYVyRUFVuQynGE9M6877Cca4mWxOQHngm_E0AR,wen shen z,682,457,358,False,False,False,False
CHALLENGER,d-GwxQgIvnT9HGSHdkz8ofSV45sjLCdCU6x2ZqNT83jwvA,훙쌍리,746,318,245,True,False,False,False
CHALLENGER,PwCls0uDr4mReCMyOKPZGJ_b65cyRpFyV-couoVkZ7oRtjU, flaw1es,954,428,374,True,False,False,False
CHALLENGER,Pn7MU9z2WJ5QfkgQUXDUufWgoeeuNn1gs5dJJbMgf5PFJA,JustLikeThatKR,970,431,411,True,False,False,False
CHALLENGER,2ny7-ZB1Ra8jqDIej-ilHkj-m0tHNxqxBJPrFi5f4Dn0t6I,impupupu,777,464,406,False,False,False,False
CHALLENGER,A6lqDrxfwNHR4XKSJHMQMjahajEXeagcZnLsen7mc9vPvppx,개똥벌레a,1073,199,127,True,False,False,False
CHALLENGER,hnY8jPRvh5HfjRfwIdHFuX_s9MbiXkIXO0ega1mDW76MDQ,단군의청춘부재,788,537,516,False,False,False,True
CHALLENGER,sHZYOGp7zjUS4STpk_PQMvyOfn28zGnFVtSrtF7UxnfaxLE,T1 Oner,979,1095,937,True,False,False,False
CHALLENGER,tqAdfgj6NY6qSPEiW4wl1l5dg1oGoUrWjgev5RY9WtM7EyM,핏빛 계약,750,347,302,True,False,False,False
CHALLENGER,QpdBuN3A8KTVV5Pv96BHkJ-gm0i-rHvx7ASN3XEmZjXdCg,Yaw nuY,649,271,223,False,False,True,False
CHALLENGER,hIP5KVUAfR5fZPpXkvPUX2LKmxIoEo9kF4__rDcXlqBSnWk,촌뜨기 농부 쭌베,973,649,571,True,False,False,False
CHALLENGER,bH_Qam01iJJbi5U24LiH5mEhdoJobeTmMpyNEQktnvn2aXM,StarSpring2,681,592,554,False,False,True,False
CHALLENGER,mXIlJqn29MVUOXsTL0KocmI0MacYkPq-2Zw2PUL43FJML5c,SANDBOX To1anD,835,1107,1101,False,False,False,False
CHALLENGER,_BZYL95-90pPaNG9OmpBtpDyyR_rA_xs0DtsMR8T2rWXK-Q,HLE Vsta,1069,250,196,True,False,False,False
CHALLENGER,ST_qHlXwercEjBJ3d49XQP4zRLqAllzuQ6tLTnk4MOvdYcI,mla,780,332,286,False,False,False,False
CHALLENGER,tvEjV5w-p9xvDcrqiBZpALhE_vR7ooalPiHN5vS2ZkvKojo,T1 제우스,1254,814,755,True,False,False,False
CHALLENGER,ItWJA8kRffyO-0ZzCYp6XAjGdX3w5ANp-Q0o5EV-WEwVOEc,망밍맹먕몽,664,492,448,False,False,False,False
CHALLENGER,D5jrlXlOaN9gTEUemEpgGYCYF0i7NcUvg9VX_WXaR0tPk_o,EM 강타자,644,249,235,False,False,True,False
CHALLENGER,0r2BitEeJHH7iN8g4zUf8_MdQGonxifDJtL9RESXrw50X4A,Mango Fish,904,538,427,True,False,False,False
CHALLENGER,lEQAG1aSxwatWHI7n5oRCnYuX2NNjjM3O6l8PFsL6Pk2TVE,yiwuyiwu15,762,265,222,False,False,False,False
CHALLENGER,To7N6GD7iD2J1uYCTnkxsngx0xloxmuvhumO_Dpd2v8weYM,Sangchu,776,253,228,True,False,False,False
CHALLENGER,Q7moNZIKBiMdcXiNqPmGr4M1oybHr2xfI0A-X0RMw4ibvY4,요붕스1,1291,547,438,True,False,False,False
CHALLENGER,TKnZintvKaHn7Wbt81gLGHM_mQ7c2NiO3Th21pL19XMMBWo,Awe YunWAY,694,307,258,False,False,False,False
CHALLENGER,WxN6Qf6oA4uBIfaV0FSxl3tus21AX4bPogFVLRibZNbomLQ,징징이는징징징징,719,840,797,False,False,True,False
CHALLENGER,QWgre_lAODw_lR8XvzauTBJOhIyu-j0QLdrtCKMCYs3VeKfs,DYN Rlch,830,248,193,False,False,False,False
CHALLENGER,I38h58DCO5OXm8CMCO3MRTJjh1OubjWKlEjPcieUmxCMYF0,스노우맨0,769,355,314,True,False,False,False
CHALLENGER,gGmNm-RPkhKd7bjexlqnlWJkwqpX94EzxqWJkWZa41_Ic6c,엘 림,808,567,525,True,False,False,True
CHALLENGER,d4SS8x7UqGqlK7yCpckLOTJip65cNZxl2sCRAAGr1T8TB7Y,T1 Gumayusi,899,613,551,True,False,False,True
CHALLENGER,GKx6etXWqtqh9JoZP4DiZnpDXFjzz2Qwj-0Eeh4mDxluqaw,원딜 왕자 이채환,1160,273,199,True,False,False,False
CHALLENGER,_r55PHg6tYaMODowAZNH4pH_vM2zui1yElbdCQ-n3yWWgaw,anjinpaoxiao,652,635,602,False,False,False,False
CHALLENGER,tBEZgCvRYCaJXfZS93fStmazj7w-nzcKmXHZIVIeOkXmaA,굿 팀,765,620,576,True,False,False,False
CHALLENGER,Hp1pMzrxT2pKQ-UKvRmr_FGLjv7w5-wEO76lrldqdImWB0g,이도류,803,648,603,False,False,False,False
CHALLENGER,kVrySwZw6uF2nWIhTb12xeSxpM7mykioOm1m0lhZNIGpuf8,SANDBOX Ice,739,569,537,False,False,True,True
CHALLENGER,u4tMlXgagCH0AvZhVrTOJLldzD-UBuzWIuEa7oQtM1MXE2E,승부욕xxx,1038,741,621,False,False,True,False
CHALLENGER,IdbH1eUmaAtmtQIbCKkkvwrC8ztuUkD0H5hADyTspPYZoj0,qlqlqlqlll,733,253,212,False,False,False,False
CHALLENGER,BGeAWVaRw0iu6lo0j7EcSYs4r_u4exN38nrsHP37t3ameKk,Babe G,924,277,186,True,False,False,False
CHALLENGER,ZIW7cWWHXIrwSVK6jRfg18CBtCijUnlqjOwX0z79cBBxlJ0,마스크 챙기자,890,504,454,True,False,False,False
CHALLENGER,qqKPPPwMsDAFS-X7qQ7W62-_y7QLlWVSqXhGAbLGgYxjdTQ,quaddd,946,244,192,True,False,False,False
CHALLENGER,4VWnEuopNFotxGTmKwMEtCF_heNWv12YF-UPaUQHzhlpqvyA,모두가 건강하길,1007,219,156,True,False,False,False
CHALLENGER,Q4niPZW7PMejvc1OO65PZkZTYAl0GMSWGCWRVrsh7tFzZpk,근용 둘 근용근용,1043,688,613,True,False,False,False
CHALLENGER,k3wMSgTSBhcGiPEgMVTp5G8u63F7mVPJGrCDz99f0GjRTA,탑나라 룰루공주,1050,397,317,True,False,False,False
CHALLENGER,NNOnKTeh_D4xkMflHTzGJ0UAVsMFwosoHC3PY-s6LilNW-c,can see you,1030,880,761,False,False,False,False
CHALLENGER,F78QNbdWtBax_QRSKk46Raq396VMZ8fywd3h9Mjf4Sm9xFE,supupsupupsupup,992,440,372,True,False,False,False
CHALLENGER,cmO0QRfqTt1E8r20F9gOFUXvrZuk7msTxCIk5rYnt_1kCbI,Gen G Khael,794,672,576,False,False,True,True
CHALLENGER,PlhG6JgWb2J4CIm4CI9QXrpENUxJ4nNaF2IY638PJ8AGce4,시로로로로로로로,656,164,120,False,False,False,False
CHALLENGER,YNcufb9t84EXWG2Z8kBpz6UOPOb31209hBj-S-SMVQe_HYk,피즈 조이,778,340,289,False,False,False,True
CHALLENGER,JX29ceWxDinGiXNuu4kfSFAfP1vEUhN3Ho6zd1uob-Lfizk,HSHTM,712,505,450,True,False,False,False
CHALLENGER,XVboEH19iSq-_-OQ7b3Yxvx6D-KuIpMnlRm9ve-umMgzn2I,Gen G Peyz,763,683,599,True,False,False,False
CHALLENGER,QKCSbmBjy_nwDFz-6TRNLwGkxxTJR3Qk7h9CYUbz6YoWkfc,By myse1f,644,225,186,False,False,True,True
CHALLENGER,iLQnz6jZGazkJsIcu0Pk5GwN1RkDzy7Isdxi9ZBAePoTDQ,HuyaTvJincanyi,1334,389,287,True,False,False,True
CHALLENGER,Tqzrxmts7Kkhbeu3i2tSxpMBQjYx1YX4JJsAFb50rKiy2vc,Stupid tree,889,564,526,True,False,False,False
CHALLENGER,g67seRRB2HLKaeCFLAv8sMKEZYkjWLhJ-WnBiuhh2-xXRT0,corgii,721,545,459,True,False,False,False
CHALLENGER,Txblb4oqZ-pLtGeHODHBT1NPfB3_X1sKjrBstmeKKuEORIY,스컬지,959,475,413,False,False,False,False
CHALLENGER,uyLQBIR8LwD7DThZfKm2aGeGy0kaGgibeswSY77UkJCwGCA,소년가장 원딜,673,341,226,False,False,False,True
CHALLENGER,4RrBy9fOuW3ee9mhYWgASo_Hs8RRyIwNEOAv_fYw_eHeDhQ,T1 Closer,926,701,645,True,False,False,True
CHALLENGER,VRkUWEjccQ31dLFQ9aEZueFqkQj7VKAiDLoNRHp4He_zUI8,Pz ZZang,990,229,177,False,False,False,True
CHALLENGER,F1PgeIGLBS9GLfFOUQfX6V7yI6DDH7YQsTyTOKIdSjGjpyA,김도칠,703,440,401,True,False,False,False
CHALLENGER,BeWiBG1KJbAkd-Lyv3V3p5n2KLEZOU7PuZ76rDHbgUrsiNw,Sweety Pretty,885,303,249,False,False,False,True
CHALLENGER,1-WXy_e0BAIzj2cOK1Cuuuuf1WWjC7JssDF6Z8QCJ3GsyL4,테 디 스 틱,644,137,95,False,False,False,False
CHALLENGER,Y6WzS-s4MJuxI51J5ZH5J21hoxRgo80iNo5uvy8mqNPzUFg,xunxunxun,1111,543,411,True,False,False,False
CHALLENGER,yZEwYpBel2VeMK3-S-bUDftFAQwk6FNvm86OPdAe500PtBA,gkstmdals,918,607,496,True,False,False,True
CHALLENGER,oz78kADA4-GTzAtB7DyS6cXeNv22ODnBpNi-gcQW_TCuSSU,승지부기,739,148,109,False,False,False,True
CHALLENGER,kkt1bMHLqO91X5jKw71S5L38AcBYQzxSjhVaSbHOvh27gw,동해운수,944,424,368,False,False,False,False
CHALLENGER,CHguc5545veRKTH6DArs2EO8X1QK1SOwY3K0J4OPhIJiX18,SL0w1y,879,866,775,False,False,True,True
CHALLENGER,78e2g14pdVDjYuZ248VVTJzROi0b6kRNrTPhBsztpQr6RA,Azhy,670,471,439,False,False,True,False
CHALLENGER,bXcKztirRpCWABeG3wvwX8Mmpt9ueTlJyk8Ac9MKnnakgRg,UijU,1019,559,503,True,False,False,True
CHALLENGER,rQ39HVaL6ppNIi8KbqV9uSwPsHf-tBbdeEA4vOuKfXtQMQ,군밤갓,763,210,166,True,False,False,False
CHALLENGER,l1ZZooJtUhZeeh_9Tnne4aAU-9WPJk3xdgkGRHo3F6VtRA,메가 우기,834,299,254,False,False,False,True
CHALLENGER,2T0yT3IdbUFq5rfiVPXaS3TzvsoBiRewBQeNoKJwtS6jUw,SANDBOX GorillA,887,486,440,False,False,False,False
CHALLENGER,oll1lLQOD-Op4WWRoMrHMRPHz_5I9oHlfhKJMxlv_xXrFdE,LOTILYX,708,316,269,False,False,False,False
CHALLENGER,UOR6EfR7t5UW27XRww-7Y7QK3kFPY2BqGvGlZ7ae4AIetcs,yun1e,675,785,695,False,False,False,False
CHALLENGER,_guQYys7t6H0hoIw2mxKsBkZ5gLcxB1AV3AjOjhWzz1j0Q,Iove galio,998,407,327,True,False,False,False
CHALLENGER,E-T7W0zlKImlf8xOlzu7YgKon-MKu1UkZt3u7tNBRFPM6sg,MyMagicBurnYou,956,542,489,True,False,False,False
CHALLENGER,ggkAVbXjsDncLgw7xpLVfJBMOHG-tMbEFJRshnlN_kEHsv8,너 왜 우럭,720,334,291,False,False,False,False
CHALLENGER,95crTgq2cN3H9_HRqAUSXl97EF1uWbaXlqZkUJgM2eHGPJ4,jiang wei da ji,800,595,487,False,False,False,False
CHALLENGER,lbE0yCYxeKNf4PksijyMdGO-rgqpnow6FLZLzT-JPCIgGkU,정현 둘 정현정현,739,555,499,False,False,True,False
CHALLENGER,C3Beo8aXD5itGqMfebUpjqzPXfTXG2mDIWLPzHa-UPn95rI,SPG Zzus,1239,343,274,True,False,False,False
CHALLENGER,i-HYf7Syo7gah28wV15zVMO5IurR9enNOum3zUrOrHmAxPI,DRX 홍창현,875,908,863,True,False,False,True
CHALLENGER,Ly-dNGB1xKDtt6kVAD7Zu0vUQJzDe4xW8GYFWG3_G5Ohk6w,생각하는 서포터,645,706,690,False,False,True,True
CHALLENGER,d50zD6TUEJIgSZB78R_89bXQpsCAWEBpfvUYqLIkMfxb8ds,EM 핑크돼지,651,471,464,False,False,True,False
CHALLENGER,6IPCCAReS9bbMB_CVu69EoU9bRUjIHHbUoMBTuwQSn9WHOg,Chieftain00,929,254,196,False,False,False,True
CHALLENGER,5JV_j00q4otV7ZlGAhcZwF7vP5kQQRiElTsyhltc2ujb7Ow,EM Envy,920,403,347,True,False,False,True
CHALLENGER,J-EQIMZK48XYkIvqo86fsnLmgd2YPAIDfsdpByjEjG3Kvac,cexk1lng,656,863,838,False,False,False,False
CHALLENGER,xGdHiJBuzqHcqHQdWkEX8t9efOukheL7STwSdFqpfs4isyg,OZ ian,826,418,356,True,False,False,True
CHALLENGER,2EDAUa09gICplWBy-WwC7mkUiK9s0hfnOk_xVRpVqXoujQ,미쳐놈,874,785,718,True,False,False,False
CHALLENGER,nBhhSYId1FyCqXcj_gbrxIh5HdGLSQnvcXH72VdD0KeI6A,White Canvas,715,545,498,False,False,False,False
CHALLENGER,mMlx3ID1fY6U63bDmSfZAYsTwCoRcdRS2MCSjfUyBiLzMUY,타 잔,1264,424,347,True,False,False,False
CHALLENGER,n_BYmv3lvaK7KOyvk4MNA5LBaDKsQ-vllT4rFmxGJSzv0I4,게복치 숟가락,1041,445,372,True,False,False,False
CHALLENGER,ZkPP_n6Z5mMLSiYXhVshUQdzZs0C_LW1AlDEukvhQR0gqMs,kongyouzixin,704,1187,1086,True,False,False,True
CHALLENGER,bBTicZv4Fn_uax4FLiM8vaFxgpJ-8FghAlwqWnY6106B1w,GEN G Sangler,750,491,471,False,False,False,False
CHALLENGER,2O2Do_FTAjCBEOzR20iiVwmVpPt3ChJpbX1BW9x52DYsc6w,iilliliiillllii,728,371,311,True,False,False,False
CHALLENGER,WvQGBqdyADxyz0hO-CgRVIUyoC5dWWJD6Rj21ihpYiboPH4,칼과 창 방패,850,279,249,False,False,False,True
CHALLENGER,AWHzKtuTo5YI4v761pxDSty4OErkmQNVxhU4_WoRzdJg94s,Aprox,1204,276,199,True,False,False,True
CHALLENGER,PXJnjTsS9SurPUz4zPrGwWnfyoQsHmQJCXtgqM-iDeAbDPc,아라드,646,367,322,False,False,True,False
CHALLENGER,KmyMcnQkdic7FJ6YQsC8Ltf-D7DYIKlaMOFvGzZv5-1ZBzE,HealthandAhn,880,252,187,False,False,False,False
CHALLENGER,ZMoVmCgb5B3wbutdhk7RPForL5eM_WDIkmNw6SuUW8njJMA,튀자튀자아,733,536,498,False,False,False,True
CHALLENGER,bCg7kupnpD_eeRbzPXSlB9ctKT53Xc6htvrvkBehasilxYk,Gen G Felix,648,508,479,False,False,True,False
CHALLENGER,mP2dwHyCGTlT9mdf8Souphr7PNFtugbTppfVerTQVk4boFQ,여주실격1,903,524,506,True,False,False,False
CHALLENGER,4NIxTQKWtKjxvgBp-1vJx4cjK8dtbT0qpfhcpB7XE_tndwg,곽곽보성,841,435,373,False,False,False,False
CHALLENGER,WOSo_JE0NwKwlzlZLHAn4QE2CYmGvyrnpsmwpuZnqsUgKSI,Big buttocks,659,215,153,False,False,True,True
CHALLENGER,X5iz_rDxxfpfM6WzFHGZ4z0bi6a_kQipwUHDtQok72GwLH8,FA  Mockery,675,386,341,False,False,True,False
CHALLENGER,K4ND__coU1091Dq-68PC2z874KXw5C_EMhzVMlvvx6XhFA4,미친듯이 파이팅,1245,223,127,False,False,False,False
CHALLENGER,Hv3JNf_jasw_UGK3kQBNvFAgH5a3a3-55bgAjKsIlRn59Oc,에르피디,681,546,471,False,False,False,False
CHALLENGER,pK7d2U5_DuKM5_kcoUWizr7NdhxH-w8fdhRfs-U4nqV1_eg,돼지다람쥐북극곰,799,382,327,False,False,False,True
CHALLENGER,0sG8icn5KbOGZOcrLmY_tx2iQvQuKeWa0FkmWT4ReUYmAM0,JUGKlNG,1255,208,134,True,False,False,False
CHALLENGER,9zJJOTVd7VnHX20lcDGfSO0WR25h5zWGaV7XraKe1B8c708,추억에잠긴거북이,973,341,276,False,False,False,False
CHALLENGER,CnU8txDrGbVYiyqT5pWhV8u_GP1gCeX8Vi-AuzuBQG0YZbw,쓸데없이탈론만함,752,425,377,False,False,False,False
CHALLENGER,U3_NggcF-QlozARkFxdD0BQQZ2mtoHjDjjepP3zkkmISDeQ,T1 Burdol,1300,297,259,True,False,False,False
CHALLENGER,mrL6pqx-C3nqZnpP52F9DXx61qkyibWBVpwOF_u9g3x73Ss,ekidon4,950,446,394,False,False,False,False
CHALLENGER,nFztt61tDOUEr1H28Fmqx29wDqhPu-xpCeLB6ccNReDt98I,Tar2an,1069,185,125,True,False,False,True
CHALLENGER,MjUprhVDvYP87v_i6J7ISA3bc2Elb0d2E--vAZ73uhWIDA,화이팅 이현,734,1033,1029,False,False,False,False
CHALLENGER,0e1y7Tjqfgue7T80BbHSXuvqvRsKSfe6ySgJPA1uOn7vWIw,daydayup,983,493,425,False,False,False,True
CHALLENGER,43Rkq4C0JHZT7ynSv1CEyz8OTcrN7JOTsWaMeIRB0-9ZjMo,준탱이528,682,396,371,False,False,False,False
CHALLENGER,80Q4ZBZ9VHLW_ietWZi2ctycoG7Tjs5rNCSvziN7nayMLl8,피곤 해 요1,827,1156,1104,False,False,False,False
CHALLENGER,gaOBLV0kOO1U6mPG9LofdeTgSRovboJi6ztorVaVJxC1hB0,화내 지 마1,732,703,650,False,False,False,False
CHALLENGER,pTW27PQDvh-g39kUmRtOwawJcSBwI93SMycSgjj2_fuE_KU,TDBYY,804,220,173,True,False,False,False
CHALLENGER,LTJg_fK2XRNanF_DrPJowon_CmOtAQfDywW_-nGgvi7ocA,달려라위자연,658,597,554,False,False,False,False
CHALLENGER,xaI6-giD_ZSbx361OxfOmmpoEoK85JEicT9M4aAuzjAZcZk,liu de hua,661,462,350,False,False,True,False
CHALLENGER,q9zSMg1DQjQg0bfaCM3iZvKPt6KAGeHq-M0u2E4AMvkIYvc,tuinoobtuixinloi,866,712,679,True,False,False,False
CHALLENGER,Oy6hOryrw9wZA3hEGsmgpn5VdjU5teHVRbiNkrYeysxlLQI,ZED99,725,469,365,True,False,False,False
CHALLENGER,wZu8dEZ4ho1FD9IPl-n2jUufGhtUUF7SbT1u4oan-3nifbY,DRX Pleata,834,785,796,True,False,False,False
CHALLENGER,wfNBCHFiFzuIbQ0NLKXakXy82p1V9LJnKBZxRJYw33ALyvk,Gen G Dice,923,1351,1281,True,False,False,False
CHALLENGER,cFE9_OESZxfR15iSuM6IF65othyItkOB_ZCNKH2-eEo-Dt0,블루 맛만보자,692,404,376,False,False,True,False
CHALLENGER,Mxat62G5mDZrBtCL4pLa2CPhGwQJlG5pglRQXpGYbZLsJ9Q,사 용 수,669,317,279,True,False,False,False
CHALLENGER,zoxX8QjrewpHbVnmAE0CZa9xEVj7i-ZZr7H6t61QWak5NA,쪼렙이다말로하자,1335,857,775,True,False,False,False
CHALLENGER,PJCwfQ38-Rb2ua6yWScTHPQO4dspu7JOk-OV8wBSq0Bkih8,vvi2,705,227,178,False,False,True,True
CHALLENGER,TsH6CJsFhDkli8MXZvLZGj2HzdckPV2JQbuqP4DK25gYp9s,DRX Deft,1066,617,546,True,False,False,False
CHALLENGER,c0ndJHJZlXgRNHpZ5npel0InDRnPDo53eU6lJNh3ouHzIE4,칸 나,843,564,517,True,False,False,False
CHALLENGER,iMC1AfgU6pDVaLUCySTRl4IpSoet6RuBA29ROP8k0ectvq4,더높은곳으로비상,642,271,220,False,False,True,False
CHALLENGER,wbDa7yUn9yhULEzA3XxywQkzKeUQBd0euUNTgcA45v0TDyU,Pnpm,765,218,175,True,False,False,False
CHALLENGER,K6KJNGdTKeDb9Q0B9FytjgfPTjUKrwGk2LvnjsFqqz9hD0U,LunaLina,853,962,918,False,False,False,False
CHALLENGER,aJzvpNCxCUVg9abav0SHyH9Ya5ROC2m5J1g-ZfVfdg3_pNA,nnvbxz3324,641,475,436,False,False,True,False
CHALLENGER,wIUywRdvmzgIfBiAJViSLK-Rh3JgnFkb_p-CDP56HhVhQHQ,KENSHIN1,732,308,261,False,False,False,False
CHALLENGER,HQ739nN5GJFyShqG1Yxic_sLGSCSHKnEbhEkx4ct1pFE_Yg,T1 Fisher,1010,502,364,True,False,False,False
CHALLENGER,7dVK7eDc_PLW6lgkpodpgD1WREk6p53pYU3VJNap-UTIKQg,롤오브레전드1234,1001,227,176,False,False,False,True
CHALLENGER,XCwSq4GPVOpXUPRL2hN4sHll1k71mP88Aat44yZQcRyGh_o,금천구 칼날주먹,706,608,587,False,False,False,False
CHALLENGER,rUMJ3GXMEUY1JK_5bBYBb750PKBQjKmvaRorKNL8oZORTIY,DWG BeryL,887,331,287,True,False,False,False
CHALLENGER,ArueuweLbEd_R3CZ3S_NUVk9aZLm36Y-zeP-RjnORIxAD0M,xiny1,714,430,356,False,False,False,False
CHALLENGER,q-qxqsb1df-4EyNEKkszfKw4hraVf8i-AzdaaydNWGmBlg,wuwuwu biemawo,712,380,336,False,False,True,False
CHALLENGER,hz1ofml9cz1GCxmqHLZzai8s12aTaophvcWncWgUxLCC1CU,SANDBOX OnFleek,783,460,427,True,False,False,False
CHALLENGER,u6cqoz6jKBjhDR1CnKLZJMH0zokuDKa_hBNZfBX2-ElpieI,gelaoguan,885,730,664,True,False,False,False
CHALLENGER,Fw5lQg6R2Ry7SsEhU7sPQWcLFu8PpH09Pytg8sdMButXCWg,Destiny,922,207,206,True,False,False,False
CHALLENGER,8rAqGkUtepmiu52SiKYxsN57VqSt8IUxWp4F3mCZ2w7wFWM,DAMWON롤드컵우승,890,465,402,True,False,False,False
CHALLENGER,_uftYBspudnVZr93ZSEd23ME2DaWd10ANYvymBDcRdAw4XA,MAKJANG,665,191,144,False,False,False,False
CHALLENGER,d9YAis4vfArSjDHKOIlc6QEQDqcj-Igfdz8VbscgYKjXMZc,Gen G Focus,894,551,470,True,False,False,False
CHALLENGER,42ZM_7goUxvRJuGf3z1ayWZkx8cF4I-MHIkDMc8QM907REQ,Heg z,864,953,850,True,False,False,False
CHALLENGER,uiwc8Yi6rethSGwVrtyywt11Xy1tA-TUswhLijUg5HuSyRxF,GALLOWS BELL,935,352,298,True,False,False,False
CHALLENGER,9kYXLhvsIue2hEhriKnrbMvWj0OFhErq1wUQi5ckbw5v2gg,5Kld,1030,190,120,False,False,False,True
CHALLENGER,6GFhniBHc1UB5wPPRY9lr0oHouz0r8NP1luSLYpb7wNNInU,EM Envyy,1074,473,409,True,False,False,True
CHALLENGER,Cbyev3RFlvaSiguxGECWcqlm8LxaEcUXAzEBQVUXvMY-IYE,미북이,676,613,578,False,False,True,False
CHALLENGER,7gtCRgHoa-pRSJWzez1nGtWVu_7kIGQLdKpYXVHReAl9sAQ,조금만쉬다올게요,810,240,172,False,False,False,False
CHALLENGER,DNZ62HE25w0pWlsH0ONhYsBSnGei142mY-sausCLmf4UZg,팀운정말나쁜사람,787,249,201,False,False,False,True
CHALLENGER,aUr886FWdIcMAU-NUb-0QPbG_TJON27KgnAX5Te7A5VU2vk,Arrowlol,662,370,261,False,False,True,False
CHALLENGER,zvqQYBHg2NGBHwfBq6F21UbBay-s-k56BeiBRccO1yKtmcM,장난을잘치는누누,794,355,294,False,False,False,False
CHALLENGER,ZiAxZBT3_SOdR9bUjlAxpSBeJCPhrE0CoxEPy46Bq_KeW_I,deokdam,1123,199,124,True,False,False,True
CHALLENGER,--77Be_gjvW-ltTv8Ak_vvetJRdaHeUqVonQCsjFBM-G6UA,Clever7,685,350,358,False,False,False,False
CHALLENGER,mP-xACvTHdIhZmLtQludUFASVOBI40RpisPLJaKoKdQvjA,오늘점심은딱콩,646,136,76,False,False,False,False
CHALLENGER,X9h6ivvkY-zmrWaaIIXATbnSBnm4XgjJfVoTzpD9Xlmu-zs,팀개못하면누누함,934,414,329,True,False,False,False
CHALLENGER,psO2UpsJ6tKMGGADg0U3IQ6rl3dpnQ1a5jaaPCNrSmozZwM,FPXzhaoAP4506303,1181,461,320,True,False,False,False
CHALLENGER,bIg4TbmujLdjiPkzSnOxuZdugrjgcneYZRUMFmyQNhomDKk,갱붕이,644,420,359,False,False,True,True
CHALLENGER,gRjVZ4BOQRNNMUy6lBkJ4nwMadgnuQ21a0quxDL-I46jFI0,Gen G Clid,863,562,494,True,False,False,False
CHALLENGER,YTBARBm27N39wplkx0vI06VqfxnYaXuN76ZBpoObtfaTGAs,T1 Ellim,852,242,193,False,False,False,True
CHALLENGER,UYUkL0UDTPifoBtxx4uetSF6CibSfh3ycTO9nADAN6RZxJ0,카게게,912,540,479,True,False,False,False
CHALLENGER,m9z51TcJYKsZIxMfbppfC3Po4Ku1F-8FEwpfVl3jJV2P1lc,lai zi shen yuan,730,533,470,True,False,False,False
CHALLENGER,AK2-YWzIkZsGH5eZfcYwLy28x4LSNPT8sRBiMTWeMLyiZwU,호잇이,834,1006,952,True,False,False,False
CHALLENGER,zG1QaFCoC7y9ycGzYOt42lfnE5PrVlULSga7tmqqEFJNYxY,iwtcp,818,656,615,False,False,False,False
CHALLENGER,evaiLVWYNqnM3DaZcz1r2HfE3MR8fQrgdpVwQN6zt6cCf9o,OZ Juhan,749,923,869,True,False,False,False
CHALLENGER,p8B4q6PH_nL7hBtxoNTApOpJF0zjISmvd-YcKqTfs4gAVgo,motivel0l,615,323,234,False,False,True,False
CHALLENGER,Z60yH0KtF1alN48rle0HTv97Av8301NMev9XT8xstWU1vBs,Jianguoqiang,682,949,907,False,False,True,False
CHALLENGER,yfrFOmEnbVqlR6swvJpRxlbx329pdUuNFd0alxj18qkAiSM, ke da ya 1hao,831,291,167,False,False,True,False
CHALLENGER,FL7Ln1VJnVILvLbMgXM75OPuEO4XhUaV1NNXFS61pJ-Q4A,Swordart777,1167,576,480,True,False,False,False
CHALLENGER,flraasw1B5dyP7XNh3Q_fDyA1x8Kc-otUq45KjJvRbvG8iI,Bmav,862,518,480,True,False,False,False
CHALLENGER,Ws9kTNx-kcuEkKnvm8tEuha7tU-_bzm0ghT_AXV_BfTT6H0,Milf Chocolate,688,345,298,True,False,False,False
CHALLENGER,8d8LRRn7yTOhBPyon5_YN-A0RWRbFoXm9jBMMs3bohKLWfk,yasuo2,866,189,140,False,False,False,False
CHALLENGER,xK5RfGpKVXvpKtGct6E7gImS2iT52Dk3LPr9y_WApLRn8g,zzzzzzzzzz3,798,395,333,False,False,True,True
CHALLENGER,sfyBaoYGdDU1wgbXViw-9YnCPFxUF3dQs51uWn63iKUghKY,자신에게만관대함,680,853,825,False,False,True,False
CHALLENGER,qivQ-jzO_OHD0xodA0zXbR02-2VE21ZHd4ZnRs5z54eMKnc,wind1,717,902,862,False,False,True,False
CHALLENGER,uvSccIgKh1fUp_CDFNbBllLCDva8xRpachtvR9cvbTV3Sjs,언니우기,702,316,239,False,False,False,True
CHALLENGER,fMpGHNSiyweCqekncHcdWRCM7OAdOt0Mcp1QhCvEakfGGLY,KronGG,881,636,577,False,False,False,True
CHALLENGER,iro-deUFbIWSQK7m2Z1ld9eUpxORHu2XnojiGybKx_OHJw8,진철수삼촌,673,432,391,False,False,True,False
CHALLENGER,Qra2PPLSfM-yDaKI_J_7vhGGgTIMu4325Z-fOFIBkkUp2dU,zyb,956,252,140,False,False,False,True
CHALLENGER,B7rikrjBkdH-MSsW4ESrlNGvy8HxGPv7IaboSQM5dNz58Ng,Gen G Rascal,840,371,334,True,False,False,False
CHALLENGER,OqHcycBRMR3ny52-ztIHoZdsQHaytn4SLYfPH0S4HAh9T20,ying bu le,604,690,632,False,False,True,False
CHALLENGER,HYqwW51psF35UxbKulJP26gEsUDzZWrfK1Vlu8LOBQa_oUk,Wind Wind,683,375,269,False,False,True,False
CHALLENGER,A9d0p9jmV6EWi_ZVs8BddxmsD_RAyFakwTHq5EasxJPGYqg,밧형욱,833,320,272,False,False,False,False
CHALLENGER,omgSZluj9cq_EW1_Yzltky98aBrKbWH3qZp_8lw8jTwpxgo,Gen G Kellin,1004,351,294,True,False,False,False
CHALLENGER,r_yMVogBi2cGXZokzLhCrWJzvfraLYmXqAl1JutkJf5NKHg,DRX Onlyl,702,574,529,True,False,False,False
CHALLENGER,Mv7u1ri0afUMKSU1-sD31YGEnRDt-q7DznPN5loLdGMei5M,꼬요한게임,735,749,718,False,False,False,False
CHALLENGER,DOMWa0PAfSwTE5fifvz7pemv19SMiBfSCChLzkCjs7XAeOc,upupupupupupp,1286,438,346,True,False,False,False
CHALLENGER,KDBVDdLgfURd0GtvMoeU_jxVmnnYXB94HIFwrINUWVI0mgk,정중지와1,731,305,240,False,False,False,False
CHALLENGER,f0phjhRnG1Y84nzpScTmXyH_FuT5IjV31BtfEQk8JPh2n9o,모두다함께차차차,1284,477,404,False,False,False,False
CHALLENGER,bwC4TsrNmaPClJHSRGOanjVonO0BNzRvrKSLNxTXeRvxOlk,모두모두행복하길,1060,252,127,True,False,False,True
CHALLENGER,BTBT67HeVip4s5J9d-2bk1AXSaj-8sqZ13FheWJGcOv7kPc,크고우람한요들,779,322,282,False,False,False,False
CHALLENGER,YFa6gx53QEpMyhE3_mJ0vMEGcU0T_IqBB-Be-j9z93zbIw,탑 혜지,1062,1128,1064,True,False,False,True
CHALLENGER,1dOOwnDfWA1pvbsTrU8ohW2FGhyWyq-oq0mGg3V8rSgw_9g,KTA SUP,875,405,350,True,False,False,False
CHALLENGER,ULCLUCM8vXV5ZiA8-Z4hsut2QpzzLkIrpaatJNuVWVsXXoU,이 차가 식기전에,1107,930,847,True,False,False,False
CHALLENGER,AQk5oSOOfGTwF95L1kBKd9MZ_XmN6AmH8nEpUXinR9JWmr8,시간은또금세흘러,1252,167,101,True,False,False,False
CHALLENGER,hqZoOt0h0cDmtFpnfY5PTWlTJ5RvfoVu5bvXtSxWHuGujNc,난 모르겟다,751,321,270,False,False,False,True
CHALLENGER,Y2OwIZlc5lyxgKjvmSKASnSrH_MZ5BiWnjX9g2dcDt2smbpl,두꺼비압수,677,263,160,False,False,False,False
CHALLENGER,cF4-39CNWRWrUgUFmcm9_uPvvoDIqkbPct8b61jUiKRaOA0,Teddy12345,724,444,419,True,False,False,False
CHALLENGER,yMRp1CMm0ex-vit8cIHUc5XT7pGP-3e1_ZaQgO_muKYT5Ec,KTA MID,743,524,405,False,False,True,False
CHALLENGER,iHHFlARBMVSxhWYMhKzzemnKcvRW10w8CL8gHerVNOqfaQ,지긋지긋한다이아,876,496,356,True,False,False,False
CHALLENGER,v3rOECUnzSSKRHZHRvcuqLStVg7jZEGkVDFl8L59-y39zsk,Uneasy11,889,949,878,False,False,True,False
CHALLENGER,LHv7qTLMrfK1ykTyD0zX4PtjIVD46L9cU9EoTK9BvzQjCFA,Single beltk,641,262,149,False,False,True,False
CHALLENGER,qXlBrQl2Wsh3uXPQqrGVPL0Dc1QFP_e58hHX47LVuwpFOrg,태기베어,881,616,556,True,False,False,False
CHALLENGER,BeWdI4PJy5TfhJPSDWRPkZbUQG1neJOCdEgcSVKqmOu48nw,DFM SUP,759,271,229,False,False,False,False
CHALLENGER,nuNC1iH7NADtDxGLKkmlStIqH4zXwXZ-Dw5nxuPKNyHB4XFF,ehfdkdhsakql,830,290,175,False,False,False,False
CHALLENGER,o3yHhyLGjEUMllVwhFtAsWZZpvYV9yaxBV_SO0m5yG2tvi4,FPXzhaoUP4506303,916,264,149,False,False,False,False
CHALLENGER,lqs7mNuPSTjwroeMORbUPq3b72zgbTvqfXny1gSKUvMRqe8,krats aira,901,326,276,True,False,False,False
CHALLENGER,4aYzFN6cBvuazcSh-r36-PGyeanpH9v2XxxtLGZUlbROcpU,Oct0ber,959,344,293,False,False,False,False
CHALLENGER,dS7n68TEYASQcgei-E-X_lZEBKdE69OVxV-XfYnfKor5cA,T1 Roach,812,742,707,True,False,False,False
CHALLENGER,BouEmqAM79a0U-8E1ibOUx6zEhokzIG6IFNDMsg0reGIviQ,퍼플팀 죠앤,699,171,118,False,False,True,False
CHALLENGER,UvzokD025z1G-csvtT9nnYM_OKYELd4zpB5VwHAoLQE6iwM,Give a name,650,328,234,False,False,True,True
CHALLENGER,bRbY8iQIx42diR83HcMdu25M7okXkPR6gfsirRJLTeRGYug,H4rp,651,621,581,True,False,False,False
CHALLENGER,qQaOhTEg_yfbiE3Q36AQPLDNx8Eeu5KARuNXMpAm2Vh6Qco,FA Army,655,425,377,False,False,True,True
CHALLENGER,uRjM8CI4RCEQq5XbYXlg7UiANihz64zo66rLM--T98sb3Hs,EM 상어,748,305,266,False,False,False,False
CHALLENGER,wGdOnQgCL0LaIikYIc1oNQO21vLGS_P3lXivUD5bdLbQY9U,T1 Berserker,859,759,747,True,False,False,False
CHALLENGER,fLzfUfsIMHZjpvbsOAVVx7Koi_EjLSRZtsO2ee9De2EvRgM,딱따구리부리박기,713,1410,1369,False,False,True,False
CHALLENGER,CtbyPn79JpD3DYUSqA1Ldzq4oOGUu5j_TvhRMoOQT86OOw,MAI WAY,806,205,155,True,False,False,True
CHALLENGER,pStA90A07P5wyrkuRFtphEIDtIue79heb4qerTqPe3GEgbc,쭌 베,1138,295,229,True,False,False,False
CHALLENGER,2Jvm4zZepv3bPm3Pn6mG5_2k2iZhjbI2A_0o3yZ_BEzNT-Q,xiaopihaiz,1439,329,160,True,False,False,True
CHALLENGER,yA5YGJdTzSzMyhzFftOhj3Rgv21A9V97W7Woda3NNYdETEA,Awe Smash,709,275,230,False,False,False,False
CHALLENGER,aKyLnDCdBXz_GE4DIxrmRs2BQbJ5zBwoFDjHR4H-1wz_OhZy,KT Bonnie,992,177,71,False,False,False,True
CHALLENGER,CLL5P4AnXP0Z77xAjF4tV_MaQYpDkCCrhvJ0nocfqFxJEPtM,xiaozhabi,824,238,113,True,False,False,False
CHALLENGER,zfWGyhcMRGYH4Btu0BrhFU05m43j4tf8RpXopZ3VsiqlrDc,Co24,796,572,518,True,False,False,False
CHALLENGER,vOfKdc_mK3Hwia_8278HwAYV5sCKV0dllYF8xZWj0apRzhg,KT Malrang,1141,378,298,True,False,False,False
CHALLENGER,iUsFQX2dr0z4-NcB6uA8wqfEGX5Iz2TPp-eUv62kYRlxuQY,Koei,658,853,813,False,False,True,False
CHALLENGER,XFZfZOL5Qcatj6EIhfh_hDBTbVcbyHL4OqEHTvodGmOudDs,IAKIL,717,1184,1114,False,False,False,True
CHALLENGER,NN3Y8NM16-7KL_ZIqYuErad11qeK6R-rB-zfVTKS55D4Gj8,정훈이의 모험,883,336,294,True,False,False,False
CHALLENGER,h5aKnAoONDFLwCBVoNWPD727CdaX2zKls7jMmk6sKiGRItc,SANDBOX Route,880,385,344,True,False,False,False
CHALLENGER,1-gFS0NIL7gY_4tKrT1iChPAuKpkB4Zkly7bG3bR7wS4gf4,jooI,847,342,276,True,False,False,True
CHALLENGER,sf3WUapwBMm-xIYyJBNlXzB8PxewlvS6lke4GSGgsKnT94Q,먕 하,674,199,116,False,False,True,False
CHALLENGER,pkJmI1x8jTdo0Lvy99JY4oftvdHczsq5AAHHr6hlFetmImY,SANDBOX Howling,886,428,378,False,False,False,False
CHALLENGER,uEDnMrvDyhhSsVtHasZs7X3wBeGio3vVBNWxYGXBvJb7h1U,Alonenesssssssup,1061,897,840,False,False,False,False
CHALLENGER,wvJL39L3gKPf7ThS7aghmQLFqZoLmLMWylxCR8wxIzRIbbg,See u AG,723,266,215,True,False,False,False
CHALLENGER,B4KJGz55VD40odUDJBdqjw0w19UUtAfXQB6HJoUClj-9dlk,밤이싫어,724,1005,983,False,False,True,False
CHALLENGER,NRSeCxMG4PnB35zlnqmyf7WgObwWzlPUc8mbqhPYecQVKVU,M1nit,708,382,334,False,False,False,False
CHALLENGER,L9CAtl4ZWIHEzsrXOVwbedXghCMeBIc2T1ddWQ-TWtivIec,엘리멘트 미스틱,665,300,278,False,False,False,False
CHALLENGER,0uEw05cRjxCifpbB5EjJqmtKp_wJrbc47vB-qXHKsw0BA80,SyIvie,766,409,377,False,False,False,True
CHALLENGER,c-JB1RLs6xtv1LOh5FNEZztz1XmC3CvwAP3kbviVpO5NJTk,1일 1효도,543,1113,999,False,False,True,False
CHALLENGER,AJ_0M9m_VR89r_nz2jeqa1NddE7p871oP9zgRvgeFHnQEGA,huntiand1,1349,778,713,True,False,False,True
CHALLENGER,FQUDg0TuHfrebEkqtyt6pseH63GnNtKCBT8f8WOIMCwF8MU,Gen G Karis,961,529,512,True,False,False,False
CHALLENGER,GkMIlCMngo7pg18mis2hgs2XJfb3Pd_IN3Y3yKA4bf32nQQ,Venhathoi,694,1054,989,False,False,True,False
CHALLENGER,JQFnBlo-4aCv8UMz22IRTD6C_xo0zvXYOKPGCaoCFrwjYds,파이팅 인생,675,630,597,True,False,False,False
CHALLENGER,0f6L3ogoRzQLtgbYMU5QqRtMiB96Gcvmud9BPvVAcpYsbA,eren헌터,809,430,391,False,False,True,True
CHALLENGER,lQ4pWPJzf6JDVx6imyUSoM74tVS2BIDPv6UZcUx-4IdmiOE,직스 좀 믿어줘,875,207,140,False,False,False,False
CHALLENGER,GE_p6jVhDBEl7tN2vqt7scEUdMlbpE45JNF_lhEHo3mbgw,024aetcal,664,1121,1092,False,False,True,True
CHALLENGER,aqTvD3YpRvIAmrQKzmtcK2kewUcrHLa_TzQbilz1JsMXjb4,XiaoHuaSheng7,739,489,442,True,False,False,False
CHALLENGER,NfLZAbC3NLDTfSdWR12LkGTqTVTnCM6izpBM0c3kiWIth0c,빵속에 순우유,807,355,335,False,False,False,False
CHALLENGER,yLhKq-YaTL9Px-zxuORB1IG0QQHo2yOetPzCBZDu6HG7Pyg,DWG ShowMaker,1512,334,244,True,False,False,False
CHALLENGER,RlDcNlSMy7BWDyNeQ49lrO4Tsa3aTcWmnVC6gApNeoMcrQ,내고추를보았는가,611,788,740,False,False,True,False
CHALLENGER,sn4Dl74zT4IHSV_l8o8LnSnjLQWfzAWmrC-f3R5tfjfqWSw,DWG Canyon,1325,475,382,True,False,False,True
CHALLENGER,adkDV4uI_Zx5k5lEvDZmHl2pfYYfiqiEzIA1O1f5ssy92t0,몰아쳤던 풍폭,888,468,403,False,False,False,False
CHALLENGER,zmxCRrAwK7mQHRT9H_nYeMVuLL-TgKwpb-yk6XVu3ExUMbk,black svvan,776,652,573,False,False,True,False
CHALLENGER,n0xdGuKVYSiEx2PGpQyWkzHQIgmkozgEVBRp5TIBtvWRAuA,UECA2,709,466,414,False,False,True,False
CHALLENGER,Pe5nK_lWm0QjpKzRcDoB5SYjeMlJ61rnMWbLgZl_dujzaDM,버기해적단 버기,718,341,308,False,False,False,False
CHALLENGER,p5X37Is1sP7LKhdyKA_79pb9d_3TxLPcAOuTkxA2u-Ceeg,돌낳는남자,797,281,235,False,False,False,False
CHALLENGER,GZjUgyCEfV5OfYZ6AuFjwhs4auHix5Toglk6rk9zcdRkF_g,T1 Cuzz,1109,374,310,True,False,False,False
CHALLENGER,9BZooLwwx9FAX6pyQ3hYEONtY_SrN9cpmeAjYAwAt9_wNu4,Dream go lpl,680,302,197,False,False,False,False
CHALLENGER,cwtMaHFlpB0boSjC5UYeZBtm7REzBJespVyzyj4TYEagbcQ,댕청잇,1207,542,469,True,False,False,False
CHALLENGER,juDD7sLHWAPzygb1OWy2pHdGlT-exH5LwgbEmljZsdCy5oQ,좀 혁,581,877,842,False,False,True,False
CHALLENGER,jdClLf2b4nYkiCWcsZJ1_JoGgOdoAmPtREB2bCbaF1gLa-k,Morgan Burdol,982,822,756,True,False,False,False
CHALLENGER,izTZS0nPl0wC22G1hRER1VtyP91Nham8SpoIz0Dd75nScO4,lIIIllIlIIlIlIll,924,201,146,True,False,False,False
CHALLENGER,dzpPDxVAOpbUh69hH5JkIsIULnGf0VA3KYag-_36BTVoKQ,sheng huo bu yi,654,382,342,False,False,False,False
CHALLENGER,Uf7-Nna6xUMxMPgmcEdQeFrOefOdvLGF2WPv2v6eJ2_NpqI,URGOLD,857,341,264,False,False,False,False
CHALLENGER,_6ktsZ7JWevLoVNlebVdz3sqC_P3RRixJ6DoTryb6X-j_STE,해삐 이네삐,705,253,147,False,False,True,True
CHALLENGER,-hlnrc_pIvgE490T44B7cmR3ntE3saoYT9_nejuYwM15zks,7777케이,758,826,770,False,False,False,False
